-- MySQL dump 10.13  Distrib 8.0.20, for Win64 (x86_64)
--
-- Host: 127.0.0.1    Database: learning_map
-- ------------------------------------------------------
-- Server version	8.0.20

/*!40101 SET @OLD_CHARACTER_SET_CLIENT=@@CHARACTER_SET_CLIENT */;
/*!40101 SET @OLD_CHARACTER_SET_RESULTS=@@CHARACTER_SET_RESULTS */;
/*!40101 SET @OLD_COLLATION_CONNECTION=@@COLLATION_CONNECTION */;
/*!50503 SET NAMES utf8 */;
/*!40103 SET @OLD_TIME_ZONE=@@TIME_ZONE */;
/*!40103 SET TIME_ZONE='+00:00' */;
/*!40014 SET @OLD_UNIQUE_CHECKS=@@UNIQUE_CHECKS, UNIQUE_CHECKS=0 */;
/*!40014 SET @OLD_FOREIGN_KEY_CHECKS=@@FOREIGN_KEY_CHECKS, FOREIGN_KEY_CHECKS=0 */;
/*!40101 SET @OLD_SQL_MODE=@@SQL_MODE, SQL_MODE='NO_AUTO_VALUE_ON_ZERO' */;
/*!40111 SET @OLD_SQL_NOTES=@@SQL_NOTES, SQL_NOTES=0 */;

--
-- Table structure for table `carrinho`
--

DROP TABLE IF EXISTS `carrinho`;
/*!40101 SET @saved_cs_client     = @@character_set_client */;
/*!50503 SET character_set_client = utf8mb4 */;
CREATE TABLE `carrinho` (
  `nome_produto` varchar(300) DEFAULT NULL,
  `valor_produto` int DEFAULT NULL,
  `id_produto` int DEFAULT NULL,
  `quantidade` int DEFAULT NULL,
  `descricao_produto` varchar(300) DEFAULT NULL,
  `foto_produto` varchar(300) DEFAULT NULL,
  `id_usuario` int DEFAULT NULL
) ENGINE=InnoDB DEFAULT CHARSET=utf8mb4 COLLATE=utf8mb4_0900_ai_ci;
/*!40101 SET character_set_client = @saved_cs_client */;

--
-- Dumping data for table `carrinho`
--

LOCK TABLES `carrinho` WRITE;
/*!40000 ALTER TABLE `carrinho` DISABLE KEYS */;
INSERT INTO `carrinho` VALUES ('teste sem id',123456,5,1,'uhsdgkja','1588970871036avatar-example.png',1),('testeFoto',12345,1,1,'jhjkgjh','1588274516145índice.jpg',1),('testeFoto',12345,1,1,'jhjkgjh','1588274516145índice.jpg',1),('testeFoto',12345,1,1,'jhjkgjh','1588274516145índice.jpg',1);
/*!40000 ALTER TABLE `carrinho` ENABLE KEYS */;
UNLOCK TABLES;

--
-- Table structure for table `endereco`
--

DROP TABLE IF EXISTS `endereco`;
/*!40101 SET @saved_cs_client     = @@character_set_client */;
/*!50503 SET character_set_client = utf8mb4 */;
CREATE TABLE `endereco` (
  `id_endereco` int NOT NULL AUTO_INCREMENT,
  `rua` varchar(200) NOT NULL,
  `cep` int NOT NULL,
  `cidade` varchar(45) NOT NULL,
  `estado` varchar(2) NOT NULL,
  `complemento` varchar(45) DEFAULT NULL,
  `id_usuario` int NOT NULL,
  PRIMARY KEY (`id_endereco`),
  KEY `fk_endereco_usuarios1_idx` (`id_usuario`),
  CONSTRAINT `fk_endereco_usuarios1` FOREIGN KEY (`id_usuario`) REFERENCES `usuario` (`id_usuario`)
) ENGINE=InnoDB DEFAULT CHARSET=utf8;
/*!40101 SET character_set_client = @saved_cs_client */;

--
-- Dumping data for table `endereco`
--

LOCK TABLES `endereco` WRITE;
/*!40000 ALTER TABLE `endereco` DISABLE KEYS */;
/*!40000 ALTER TABLE `endereco` ENABLE KEYS */;
UNLOCK TABLES;

--
-- Table structure for table `pedido`
--

DROP TABLE IF EXISTS `pedido`;
/*!40101 SET @saved_cs_client     = @@character_set_client */;
/*!50503 SET character_set_client = utf8mb4 */;
CREATE TABLE `pedido` (
  `id_pedido` int NOT NULL AUTO_INCREMENT,
  `id_endereco` int NOT NULL,
  `pedido_status` varchar(45) NOT NULL,
  `data_pedido` date NOT NULL,
  PRIMARY KEY (`id_pedido`),
  KEY `fk_pedidos_endereco1_idx` (`id_endereco`),
  CONSTRAINT `fk_pedidos_endereco1` FOREIGN KEY (`id_endereco`) REFERENCES `endereco` (`id_endereco`)
) ENGINE=InnoDB DEFAULT CHARSET=utf8;
/*!40101 SET character_set_client = @saved_cs_client */;

--
-- Dumping data for table `pedido`
--

LOCK TABLES `pedido` WRITE;
/*!40000 ALTER TABLE `pedido` DISABLE KEYS */;
/*!40000 ALTER TABLE `pedido` ENABLE KEYS */;
UNLOCK TABLES;

--
-- Table structure for table `produtos`
--

DROP TABLE IF EXISTS `produtos`;
/*!40101 SET @saved_cs_client     = @@character_set_client */;
/*!50503 SET character_set_client = utf8mb4 */;
CREATE TABLE `produtos` (
  `id_produto` int NOT NULL AUTO_INCREMENT,
  `nome_produto` varchar(300) NOT NULL,
  `valor` int NOT NULL,
  `descricao` varchar(300) NOT NULL,
  `foto` varchar(300) NOT NULL,
  `id_usuario` int DEFAULT NULL,
  PRIMARY KEY (`id_produto`),
  KEY `id_usuario_idx` (`id_usuario`),
  CONSTRAINT `id_usuario` FOREIGN KEY (`id_usuario`) REFERENCES `usuario` (`id_usuario`)
) ENGINE=InnoDB AUTO_INCREMENT=7 DEFAULT CHARSET=utf8;
/*!40101 SET character_set_client = @saved_cs_client */;

--
-- Dumping data for table `produtos`
--

LOCK TABLES `produtos` WRITE;
/*!40000 ALTER TABLE `produtos` DISABLE KEYS */;
INSERT INTO `produtos` VALUES (1,'testeFoto',12345,'jhjkgjh','1588274516145índice.jpg',3),(2,'testeFoto2',12345,'jkhjhg','1588274591364Lapis-Copia-1800-Violeta-Faber-Castell.jpg',3),(3,'jsdkhgfjksg',123456,'nmdsbfkjjh','1588436639305índice.jpg',3),(4,'caique',10000,'kdgfjdsfghj','15886377630592020-05-04 (1).png',6),(5,'teste sem id',123456,'uhsdgkja','1588970871036avatar-example.png',1),(6,'teste 2 sem id',1234567,'hjbkjh','1588970935986banner-login.png',1);
/*!40000 ALTER TABLE `produtos` ENABLE KEYS */;
UNLOCK TABLES;

--
-- Table structure for table `usuario`
--

DROP TABLE IF EXISTS `usuario`;
/*!40101 SET @saved_cs_client     = @@character_set_client */;
/*!50503 SET character_set_client = utf8mb4 */;
CREATE TABLE `usuario` (
  `id_usuario` int NOT NULL AUTO_INCREMENT,
  `password` varchar(200) DEFAULT NULL,
  `email` varchar(45) NOT NULL,
  `CPF` varchar(11) NOT NULL,
  `nome` varchar(100) NOT NULL,
  `endereco` varchar(200) DEFAULT NULL,
  `nascimento` date DEFAULT NULL,
  `sexo` varchar(40) DEFAULT NULL,
  `ofertas` tinyint DEFAULT NULL,
  PRIMARY KEY (`id_usuario`),
  UNIQUE KEY `email_UNIQUE` (`email`),
  UNIQUE KEY `cpf_UNIQUE` (`CPF`)
) ENGINE=InnoDB AUTO_INCREMENT=7 DEFAULT CHARSET=utf8;
/*!40101 SET character_set_client = @saved_cs_client */;

--
-- Dumping data for table `usuario`
--

LOCK TABLES `usuario` WRITE;
/*!40000 ALTER TABLE `usuario` DISABLE KEYS */;
INSERT INTO `usuario` VALUES (1,'$2b$10$bXHNvfrWnzH1KxhdO3t4Be93Nc23sPhxPcOHDfUaoJn9Hk4yizItu','teste@teste.com','11234567','caique garcia lima',NULL,NULL,NULL,NULL),(2,'$2b$10$3lIuIyypXBnjUgCWpF2QGuyrVGbfxuIDswMLzW16fXU819xJ.TO.e','teste1@teste.com','123456789','teste1',NULL,NULL,NULL,NULL),(3,'$2b$10$cWziah6SIn4BXkgQmLgYj.Q6PT8XW8FqszLSrhMpMoXm7Z0yqKe5e','cadastro@cadastro.com','12345678','cadastro feito','rua cadastro','1994-09-06','masculino',1),(6,'$2b$10$nauY3Bun8hjsKAoanAeLL.aJqTr6sLCxACfJR6wfSiGafE/veZWrW','teste5@teste.com','1234567','teste 5 teste','dfscdjhsk','1994-09-06','masculino',1);
/*!40000 ALTER TABLE `usuario` ENABLE KEYS */;
UNLOCK TABLES;

--
-- Dumping events for database 'learning_map'
--

--
-- Dumping routines for database 'learning_map'
--
/*!40103 SET TIME_ZONE=@OLD_TIME_ZONE */;

/*!40101 SET SQL_MODE=@OLD_SQL_MODE */;
/*!40014 SET FOREIGN_KEY_CHECKS=@OLD_FOREIGN_KEY_CHECKS */;
/*!40014 SET UNIQUE_CHECKS=@OLD_UNIQUE_CHECKS */;
/*!40101 SET CHARACTER_SET_CLIENT=@OLD_CHARACTER_SET_CLIENT */;
/*!40101 SET CHARACTER_SET_RESULTS=@OLD_CHARACTER_SET_RESULTS */;
/*!40101 SET COLLATION_CONNECTION=@OLD_COLLATION_CONNECTION */;
/*!40111 SET SQL_NOTES=@OLD_SQL_NOTES */;

-- Dump completed on 2020-05-09 14:21:19
